name,country,saab,year
Liam,USA,male,2024
Noah,USA,male,2024
Oliver,USA,male,2024
Theodore,USA,male,2024
James,USA,male,2024
Henry,USA,male,2024
Mateo,USA,male,2024
Elijah,USA,male,2024
Lucas,USA,male,2024
William,USA,male,2024
Benjamin,USA,male,2024
Levi,USA,male,2024
Ezra,USA,male,2024
Sebastian,USA,male,2024
Jack,USA,male,2024
Daniel,USA,male,2024
Samuel,USA,male,2024
Michael,USA,male,2024
Ethan,USA,male,2024
Asher,USA,male,2024
John,USA,male,2024
Hudson,USA,male,2024
Luca,USA,male,2024
Leo,USA,male,2024
Elias,USA,male,2024
Owen,USA,male,2024
Alexander,USA,male,2024
Dylan,USA,male,2024
Santiago,USA,male,2024
Julian,USA,male,2024
David,USA,male,2024
Joseph,USA,male,2024
Matthew,USA,male,2024
Luke,USA,male,2024
Jackson,USA,male,2024
Maverick,USA,male,2024
Miles,USA,male,2024
Wyatt,USA,male,2024
Thomas,USA,male,2024
Isaac,USA,male,2024
Jacob,USA,male,2024
Mason,USA,male,2024
Gabriel,USA,male,2024
Anthony,USA,male,2024
Carter,USA,male,2024
Logan,USA,male,2024
Aiden,USA,male,2024
Grayson,USA,male,2024
Caleb,USA,male,2024
Cooper,USA,male,2024
Olivia,USA,female,2024
Emma,USA,female,2024
Amelia,USA,female,2024
Charlotte,USA,female,2024
Mia,USA,female,2024
Sophia,USA,female,2024
Isabella,USA,female,2024
Evelyn,USA,female,2024
Ava,USA,female,2024
Sofia,USA,female,2024
Camila,USA,female,2024
Harper,USA,female,2024
Luna,USA,female,2024
Eleanor,USA,female,2024
Violet,USA,female,2024
Aurora,USA,female,2024
Elizabeth,USA,female,2024
Eliana,USA,female,2024
Hazel,USA,female,2024
Chloe,USA,female,2024
Ellie,USA,female,2024
Nora,USA,female,2024
Gianna,USA,female,2024
Lily,USA,female,2024
Emily,USA,female,2024
Aria,USA,female,2024
Scarlett,USA,female,2024
Penelope,USA,female,2024
Zoe,USA,female,2024
Ella,USA,female,2024
Avery,USA,female,2024
Abigail,USA,female,2024
Mila,USA,female,2024
Lucy,USA,female,2024
Isla,USA,female,2024
Ivy,USA,female,2024
Layla,USA,female,2024
Lainey,USA,female,2024
Nova,USA,female,2024
Grace,USA,female,2024
Willow,USA,female,2024
Riley,USA,female,2024
Emilia,USA,female,2024
Naomi,USA,female,2024
Elena,USA,female,2024
Madison,USA,female,2024
Valentina,USA,female,2024
Victoria,USA,female,2024
Stella,USA,female,2024
Delilah,USA,female,2024
Bautista,Argentina,male,2021
Felipe,,,
Juan,,,
Benicio,,,
Bruno,,,
Thiago,,,
Lorenzo,,,
Alma,Argentina,female,2021
Martina,,,
Catalina,,,
Roma,,,
Narek,Armenia,male,2024
Hayk,,,
Areg,,,
Robert,,,
Tigran,,,
Monte,,,
Nare,Armenia,female,2024
Luse,,,
Arpi,,,
Maria,,,
Yeva,,,
Mane,,,
Mari,,,
Mariam,,,
Anahit,,,
Anna,,,
Charlie,Australia,male,2024
Paul,Austria,male,2023
Maximilian,,,
Felix,,,
Tobias,,,
Jonas,,,
Lena,Austria,female,2023
Lea,,,
Laura,,,
Mohammed,,,
Ibrahim,,,
Abraham,,,
Lethabo,,,
Nkazimulo,,,
Fatima,,,
Esther,,,
Zainab,,,
Ines,,,
Miguel,,,
Inuk,,,
Amir,,,
Ayesha,,,
Ivaana,,,
Nivi,,,
Yichen,,,
Yuxuan,,,
Haoyu,,,
Haoran,,,
Krishna,,,
Arjun,,,
Viraj,,,
Yinuo,,,
Xinyi,,,
Zihan,,,
Aditi,,,
Kiara,,,
Inaya,,,
Sunita,,,
Usha,,,
Gita,,,
Miriam,,,
Maryam,,,
Sarah,,,
Tamar,,,
Sana,,,
Ema,,,
Mei,,,
Aoi,,,
Adam,,,
Haruto,,,
Minato,,,
Riku,,,
Yi-joon,,,
Ha-joon,,,
Do-yoon,,,
Eun-woo,,,
Seo-jun,,,
Omar,,,
George,,,
Andreas,,,
Oscar,,,
Carl,,,
Mark,,,
Robin,,,
Eino,,,
Eleni,,,
Anastasia,,,
Yeva,,,
Jose,,,
Kai,,,
Ariki,,,
Aroha,,,
Freya,,,